"Archive","Bytes","Directory","EncryptedHeader","UsesChunks","Files"
"data/classic/0000.pac","20637350","bg","True","True","629"
"data/classic/0002.de.pac","7446527","fftpack","True","True","676"
"data/classic/0002.en.pac","11886291","fftpack","True","True","824"
"data/classic/0002.fr.pac","7451567","fftpack","True","True","676"
"data/classic/0002.ja.pac","11717571","fftpack","True","True","824"
"data/classic/0002.pac","44920891","fftpack","True","True","2848"
"data/classic/0003.en.pac","622115224","movie","True","False","10"
"data/classic/0003.ja.pac","995591792","movie","True","False","12"
"data/classic/0004.de.pac","415352","nxd","True","True","571"
"data/classic/0004.en.pac","408312","nxd","True","True","571"
"data/classic/0004.fr.pac","433852","nxd","True","True","571"
"data/classic/0004.ja.pac","481824","nxd","True","True","571"
"data/classic/0004.pac","89733","nxd","True","True","77"
"data/classic/0005.en.pac","2803","script","True","True","7"
"data/classic/0005.ja.pac","2811","script","True","True","7"
"data/classic/0005.pac","233041","script","True","True","503"
"data/classic/0006.pac","399650462","sound","True","True","4"
"data/classic/0007.en.pac","58411554","system","True","True","2"
"data/classic/0007.ja.pac","58986554","system","True","True","2"
"data/classic/0007.pac","44684749","system","True","True","38"
"data/classic/0008.pac","177446563","ui","True","True","3583"
"data/classic/0009.pac","1008642","vfx","True","True","17"
"data/classic/0010.pac","53365","font","True","True","1"
"data/classic/0011.pac","274751","shader","True","True","9"
"data/classic/0103.pac","525266622","movie","True","False","2"
"data/enhanced/0000.pac","1037291057","bg","True","True","6085"
"data/enhanced/0001.pac","170487","char","True","True","4"
"data/enhanced/0002.de.pac","7447465","fftpack","True","True","675"
"data/enhanced/0002.en.pac","11885829","fftpack","True","True","823"
"data/enhanced/0002.fr.pac","7450257","fftpack","True","True","675"
"data/enhanced/0002.ja.pac","11719441","fftpack","True","True","823"
"data/enhanced/0002.pac","44930276","fftpack","True","True","2852"
"data/enhanced/0003.pac","3580259032","movie","True","False","32"
"data/enhanced/0004.cs.pac","902532","nxd","True","True","684"
"data/enhanced/0004.ct.pac","903844","nxd","True","True","684"
"data/enhanced/0004.de.pac","994028","nxd","True","True","684"
"data/enhanced/0004.en.pac","994380","nxd","True","True","684"
"data/enhanced/0004.fr.pac","1001304","nxd","True","True","684"
"data/enhanced/0004.ja.pac","982372","nxd","True","True","684"
"data/enhanced/0004.ko.pac","900084","nxd","True","True","684"
"data/enhanced/0004.pac","459819","nxd","True","True","196"
"data/enhanced/0005.en.pac","2803","script","True","True","7"
"data/enhanced/0005.ja.pac","2811","script","True","True","7"
"data/enhanced/0005.pac","483195","script","True","True","1061"
"data/enhanced/0006.en.pac","687488041","sound","True","True","7086"
"data/enhanced/0006.ja.pac","780517797","sound","True","True","7086"
"data/enhanced/0006.pac","418472878","sound","True","True","374"
"data/enhanced/0007.en.pac","45280069","system","True","True","1"
"data/enhanced/0007.ja.pac","45177385","system","True","True","1"
"data/enhanced/0007.pac","110720158","system","True","True","68"
"data/enhanced/0008.cs.pac","82293122","ui","True","True","146"
"data/enhanced/0008.ct.pac","82329402","ui","True","True","146"
"data/enhanced/0008.de.pac","82383554","ui","True","True","148"
"data/enhanced/0008.en.pac","82335850","ui","True","True","148"
"data/enhanced/0008.fr.pac","82523218","ui","True","True","148"
"data/enhanced/0008.ja.pac","86706806","ui","True","True","183"
"data/enhanced/0008.ko.pac","82287386","ui","True","True","146"
"data/enhanced/0008.pac","151675072","ui","True","True","4512"
"data/enhanced/0009.pac","3240016","vfx","True","True","2"
"data/enhanced/0010.pac","53365","font","True","True","1"
"data/enhanced/0011.pac","274559","shader","True","True","9"
