"Table","Key","Key2","Key3","DataOffset"
"Job","0","0","0","1440"
"Job","1","0","0","1504"
"Job","2","0","0","1568"
"Job","3","0","0","1632"
"Job","4","0","0","1696"
"Job","5","0","0","1760"
"Job","6","0","0","1824"
"Job","7","0","0","1888"
"Job","8","0","0","1952"
"Job","9","0","0","2016"
"Job","10","0","0","2080"
"Job","11","0","0","2144"
"Job","12","0","0","2208"
"Job","13","0","0","2272"
"Job","14","0","0","2336"
"Job","15","0","0","2400"
"Job","16","0","0","2464"
"Job","17","0","0","2528"
"Job","18","0","0","2592"
"Job","19","0","0","2656"
"Job","20","0","0","2720"
"Job","21","0","0","2784"
"Job","22","0","0","2848"
"Job","23","0","0","2912"
"Job","24","0","0","2976"
"Job","25","0","0","3040"
"Job","26","0","0","3104"
"Job","27","0","0","3168"
"Job","28","0","0","3232"
"Job","29","0","0","3296"
"Job","30","0","0","3360"
"Job","31","0","0","3424"
"Job","32","0","0","3488"
"Job","33","0","0","3552"
"Job","34","0","0","3616"
"Job","35","0","0","3680"
"Job","36","0","0","3744"
"Job","37","0","0","3808"
"Job","38","0","0","3872"
"Job","39","0","0","3936"
"Job","40","0","0","4000"
"Job","41","0","0","4064"
"Job","42","0","0","4128"
"Job","43","0","0","4192"
"Job","44","0","0","4256"
"Job","45","0","0","4320"
"Job","46","0","0","4384"
"Job","47","0","0","4448"
"Job","48","0","0","4512"
"Job","49","0","0","4576"
"Job","50","0","0","4640"
"Job","51","0","0","4704"
"Job","52","0","0","4768"
"Job","53","0","0","4832"
"Job","54","0","0","4896"
"Job","55","0","0","4960"
"Job","56","0","0","5024"
"Job","57","0","0","5088"
"Job","58","0","0","5152"
"Job","59","0","0","5216"
"Job","60","0","0","5280"
"Job","61","0","0","5344"
"Job","62","0","0","5408"
"Job","63","0","0","5472"
"Job","64","0","0","5536"
"Job","65","0","0","5600"
"Job","66","0","0","5664"
"Job","67","0","0","5728"
"Job","68","0","0","5792"
"Job","69","0","0","5856"
"Job","70","0","0","5920"
"Job","71","0","0","5984"
"Job","72","0","0","6048"
"Job","73","0","0","6112"
"Job","74","0","0","6176"
"Job","75","0","0","6240"
"Job","76","0","0","6304"
"Job","77","0","0","6368"
"Job","78","0","0","6432"
"Job","79","0","0","6496"
"Job","80","0","0","6560"
"Job","81","0","0","6624"
"Job","82","0","0","6688"
"Job","83","0","0","6752"
"Job","84","0","0","6816"
"Job","85","0","0","6880"
"Job","86","0","0","6944"
"Job","87","0","0","7008"
"Job","88","0","0","7072"
"Job","89","0","0","7136"
"Job","90","0","0","7200"
"Job","91","0","0","7264"
"Job","92","0","0","7328"
"Job","93","0","0","7392"
"Job","94","0","0","7456"
"Job","95","0","0","7520"
"Job","96","0","0","7584"
"Job","97","0","0","7648"
"Job","98","0","0","7712"
"Job","99","0","0","7776"
"Job","100","0","0","7840"
"Job","101","0","0","7904"
"Job","102","0","0","7968"
"Job","103","0","0","8032"
"Job","104","0","0","8096"
"Job","105","0","0","8160"
"Job","106","0","0","8224"
"Job","107","0","0","8288"
"Job","108","0","0","8352"
"Job","109","0","0","8416"
"Job","110","0","0","8480"
"Job","111","0","0","8544"
"Job","112","0","0","8608"
"Job","113","0","0","8672"
"Job","114","0","0","8736"
"Job","115","0","0","8800"
"Job","116","0","0","8864"
"Job","117","0","0","8928"
"Job","118","0","0","8992"
"Job","119","0","0","9056"
"Job","120","0","0","9120"
"Job","121","0","0","9184"
"Job","122","0","0","9248"
"Job","123","0","0","9312"
"Job","124","0","0","9376"
"Job","125","0","0","9440"
"Job","126","0","0","9504"
"Job","127","0","0","9568"
"Job","128","0","0","9632"
"Job","129","0","0","9696"
"Job","130","0","0","9760"
"Job","131","0","0","9824"
"Job","132","0","0","9888"
"Job","133","0","0","9952"
"Job","134","0","0","10016"
"Job","135","0","0","10080"
"Job","136","0","0","10144"
"Job","137","0","0","10208"
"Job","138","0","0","10272"
"Job","139","0","0","10336"
"Job","140","0","0","10400"
"Job","141","0","0","10464"
"Job","142","0","0","10528"
"Job","143","0","0","10592"
"Job","144","0","0","10656"
"Job","145","0","0","10720"
"Job","146","0","0","10784"
"Job","147","0","0","10848"
"Job","148","0","0","10912"
"Job","149","0","0","10976"
"Job","150","0","0","11040"
"Job","151","0","0","11104"
"Job","152","0","0","11168"
"Job","153","0","0","11232"
"Job","154","0","0","11296"
"Job","155","0","0","11360"
"Job","156","0","0","11424"
"Job","157","0","0","11488"
"Job","158","0","0","11552"
"Job","159","0","0","11616"
"Job","160","0","0","11680"
"Job","161","0","0","11744"
"Job","162","0","0","11808"
"Job","163","0","0","11872"
"Job","164","0","0","11936"
"Job","165","0","0","12000"
"Job","166","0","0","12064"
"Job","167","0","0","12128"
"Job","168","0","0","12192"
"Job","169","0","0","12256"
"Job","170","0","0","12320"
"Job","171","0","0","12384"
"Job","172","0","0","12448"
"Job","173","0","0","12512"
"Ability","0","0","0","4144"
"Ability","1","0","0","4212"
"Ability","2","0","0","4288"
"Ability","3","0","0","4364"
"Ability","4","0","0","4440"
"Ability","5","0","0","4516"
"Ability","6","0","0","4588"
"Ability","7","0","0","4660"
"Ability","8","0","0","4736"
"Ability","9","0","0","4812"
"Ability","10","0","0","4888"
"Ability","11","0","0","4964"
"Ability","12","0","0","5040"
"Ability","13","0","0","5116"
"Ability","14","0","0","5192"
"Ability","15","0","0","5268"
"Ability","16","0","0","5340"
"Ability","17","0","0","5412"
"Ability","18","0","0","5484"
"Ability","19","0","0","5556"
"Ability","20","0","0","5628"
"Ability","21","0","0","5700"
"Ability","22","0","0","5772"
"Ability","23","0","0","5844"
"Ability","24","0","0","5916"
"Ability","25","0","0","5988"
"Ability","26","0","0","6060"
"Ability","27","0","0","6132"
"Ability","28","0","0","6204"
"Ability","29","0","0","6276"
"Ability","30","0","0","6348"
"Ability","31","0","0","6420"
"Ability","32","0","0","6492"
"Ability","33","0","0","6568"
"Ability","34","0","0","6644"
"Ability","35","0","0","6716"
"Ability","36","0","0","6788"
"Ability","37","0","0","6860"
"Ability","38","0","0","6932"
"Ability","39","0","0","7008"
"Ability","40","0","0","7084"
"Ability","41","0","0","7152"
"Ability","42","0","0","7228"
"Ability","43","0","0","7300"
"Ability","44","0","0","7372"
"Ability","45","0","0","7444"
"Ability","46","0","0","7516"
"Ability","47","0","0","7588"
"Ability","48","0","0","7660"
"Ability","49","0","0","7732"
"Ability","50","0","0","7804"
"Ability","51","0","0","7876"
"Ability","52","0","0","7948"
"Ability","53","0","0","8020"
"Ability","54","0","0","8092"
"Ability","55","0","0","8164"
"Ability","56","0","0","8236"
"Ability","57","0","0","8308"
"Ability","58","0","0","8380"
"Ability","59","0","0","8452"
"Ability","60","0","0","8524"
"Ability","61","0","0","8600"
"Ability","62","0","0","8672"
"Ability","63","0","0","8744"
"Ability","64","0","0","8816"
"Ability","65","0","0","8888"
"Ability","66","0","0","8964"
"Ability","67","0","0","9040"
"Ability","68","0","0","9112"
"Ability","69","0","0","9184"
"Ability","70","0","0","9256"
"Ability","71","0","0","9328"
"Ability","72","0","0","9400"
"Ability","73","0","0","9476"
"Ability","74","0","0","9548"
"Ability","75","0","0","9620"
"Ability","76","0","0","9692"
"Ability","77","0","0","9764"
"Ability","78","0","0","9836"
"Ability","79","0","0","9908"
"Ability","80","0","0","9984"
"Ability","81","0","0","10056"
"Ability","82","0","0","10132"
"Ability","83","0","0","10204"
"Ability","84","0","0","10276"
"Ability","85","0","0","10352"
"Ability","86","0","0","10424"
"Ability","87","0","0","10496"
"Ability","88","0","0","10568"
"Ability","89","0","0","10640"
"Ability","90","0","0","10712"
"Ability","91","0","0","10784"
"Ability","92","0","0","10856"
"Ability","93","0","0","10928"
"Ability","94","0","0","11000"
"Ability","95","0","0","11072"
"Ability","96","0","0","11144"
"Ability","97","0","0","11216"
"Ability","98","0","0","11288"
"Ability","99","0","0","11360"
"Ability","100","0","0","11432"
"Ability","101","0","0","11504"
"Ability","102","0","0","11576"
"Ability","103","0","0","11648"
"Ability","104","0","0","11720"
"Ability","105","0","0","11792"
"Ability","106","0","0","11868"
"Ability","107","0","0","11944"
"Ability","108","0","0","12016"
"Ability","109","0","0","12088"
"Ability","110","0","0","12160"
"Ability","111","0","0","12232"
"Ability","112","0","0","12304"
"Ability","113","0","0","12376"
"Ability","114","0","0","12448"
"Ability","115","0","0","12520"
"Ability","116","0","0","12592"
"Ability","117","0","0","12664"
"Ability","118","0","0","12736"
"Ability","119","0","0","12808"
"Ability","120","0","0","12880"
"Ability","121","0","0","12952"
"Ability","122","0","0","13024"
"Ability","123","0","0","13096"
"Ability","124","0","0","13168"
"Ability","125","0","0","13240"
"Ability","126","0","0","13312"
"Ability","127","0","0","13384"
"Ability","128","0","0","13456"
"Ability","129","0","0","13528"
"Ability","130","0","0","13600"
"Ability","131","0","0","13672"
"Ability","132","0","0","13744"
"Ability","133","0","0","13816"
"Ability","134","0","0","13888"
"Ability","135","0","0","13960"
"Ability","136","0","0","14032"
"Ability","137","0","0","14104"
"Ability","138","0","0","14176"
"Ability","139","0","0","14248"
"Ability","140","0","0","14320"
"Ability","141","0","0","14392"
"Ability","142","0","0","14464"
"Ability","143","0","0","14536"
"Ability","144","0","0","14608"
"Ability","145","0","0","14680"
"Ability","146","0","0","14752"
"Ability","147","0","0","14824"
"Ability","148","0","0","14896"
"Ability","149","0","0","14968"
"Ability","150","0","0","15044"
"Ability","151","0","0","15120"
"Ability","152","0","0","15196"
"Ability","153","0","0","15268"
"Ability","154","0","0","15340"
"Ability","155","0","0","15420"
"Ability","156","0","0","15492"
"Ability","157","0","0","15564"
"Ability","158","0","0","15636"
"Ability","159","0","0","15708"
"Ability","160","0","0","15780"
"Ability","161","0","0","15852"
"Ability","162","0","0","15924"
"Ability","163","0","0","15996"
"Ability","164","0","0","16068"
"Ability","165","0","0","16140"
"Ability","166","0","0","16212"
"Ability","167","0","0","16284"
"Ability","168","0","0","16360"
"Ability","169","0","0","16432"
"Ability","170","0","0","16504"
"Ability","171","0","0","16576"
"Ability","172","0","0","16648"
"Ability","173","0","0","16720"
"Ability","174","0","0","16792"
"Ability","175","0","0","16864"
"Ability","176","0","0","16936"
"Ability","177","0","0","17008"
"Ability","178","0","0","17080"
"Ability","179","0","0","17152"
"Ability","180","0","0","17224"
"Ability","181","0","0","17296"
"Ability","182","0","0","17368"
"Ability","183","0","0","17440"
"Ability","184","0","0","17512"
"Ability","185","0","0","17580"
"Ability","186","0","0","17652"
"Ability","187","0","0","17724"
"Ability","188","0","0","17796"
"Ability","189","0","0","17868"
"Ability","190","0","0","17936"
"Ability","191","0","0","18008"
"Ability","192","0","0","18080"
"Ability","193","0","0","18152"
"Ability","194","0","0","18224"
"Ability","195","0","0","18296"
"Ability","196","0","0","18368"
"Ability","197","0","0","18440"
"Ability","198","0","0","18512"
"Ability","199","0","0","18584"
"Ability","200","0","0","18656"
"Ability","201","0","0","18728"
"Ability","202","0","0","18800"
"Ability","203","0","0","18872"
"Ability","204","0","0","18944"
"Ability","205","0","0","19016"
"Ability","206","0","0","19088"
"Ability","207","0","0","19160"
"Ability","208","0","0","19232"
"Ability","209","0","0","19304"
"Ability","210","0","0","19376"
"Ability","211","0","0","19448"
"Ability","212","0","0","19520"
"Ability","213","0","0","19596"
"Ability","214","0","0","19668"
"Ability","215","0","0","19740"
"Ability","216","0","0","19812"
"Ability","217","0","0","19884"
"Ability","218","0","0","19956"
"Ability","219","0","0","20028"
"Ability","220","0","0","20096"
"Ability","221","0","0","20164"
"Ability","222","0","0","20236"
"Ability","223","0","0","20308"
"Ability","224","0","0","20380"
"Ability","225","0","0","20452"
"Ability","226","0","0","20524"
"Ability","227","0","0","20596"
"Ability","228","0","0","20668"
"Ability","229","0","0","20740"
"Ability","230","0","0","20816"
"Ability","231","0","0","20888"
"Ability","232","0","0","20960"
"Ability","233","0","0","21032"
"Ability","234","0","0","21104"
"Ability","235","0","0","21176"
"Ability","236","0","0","21248"
"Ability","237","0","0","21320"
"Ability","238","0","0","21392"
"Ability","239","0","0","21464"
"Ability","240","0","0","21536"
"Ability","241","0","0","21608"
"Ability","242","0","0","21680"
"Ability","243","0","0","21752"
"Ability","244","0","0","21824"
"Ability","245","0","0","21896"
"Ability","246","0","0","21968"
"Ability","247","0","0","22040"
"Ability","248","0","0","22112"
"Ability","249","0","0","22184"
"Ability","250","0","0","22256"
"Ability","251","0","0","22328"
"Ability","252","0","0","22400"
"Ability","253","0","0","22472"
"Ability","254","0","0","22544"
"Ability","255","0","0","22616"
"Ability","256","0","0","22688"
"Ability","257","0","0","22760"
"Ability","258","0","0","22832"
"Ability","259","0","0","22904"
"Ability","260","0","0","22976"
"Ability","261","0","0","23048"
"Ability","262","0","0","23120"
"Ability","263","0","0","23192"
"Ability","264","0","0","23264"
"Ability","265","0","0","23336"
"Ability","266","0","0","23408"
"Ability","267","0","0","23480"
"Ability","268","0","0","23552"
"Ability","269","0","0","23628"
"Ability","270","0","0","23704"
"Ability","271","0","0","23776"
"Ability","272","0","0","23848"
"Ability","273","0","0","23920"
"Ability","274","0","0","23992"
"Ability","275","0","0","24064"
"Ability","276","0","0","24136"
"Ability","277","0","0","24208"
"Ability","278","0","0","24280"
"Ability","279","0","0","24352"
"Ability","280","0","0","24424"
"Ability","281","0","0","24496"
"Ability","282","0","0","24568"
"Ability","283","0","0","24640"
"Ability","284","0","0","24712"
"Ability","285","0","0","24784"
"Ability","286","0","0","24856"
"Ability","287","0","0","24928"
"Ability","288","0","0","25000"
"Ability","289","0","0","25072"
"Ability","290","0","0","25144"
"Ability","291","0","0","25216"
"Ability","292","0","0","25288"
"Ability","293","0","0","25360"
"Ability","294","0","0","25432"
"Ability","295","0","0","25504"
"Ability","296","0","0","25576"
"Ability","297","0","0","25648"
"Ability","298","0","0","25720"
"Ability","299","0","0","25792"
"Ability","300","0","0","25864"
"Ability","301","0","0","25936"
"Ability","302","0","0","26008"
"Ability","303","0","0","26080"
"Ability","304","0","0","26152"
"Ability","305","0","0","26224"
"Ability","306","0","0","26296"
"Ability","307","0","0","26368"
"Ability","308","0","0","26440"
"Ability","309","0","0","26512"
"Ability","310","0","0","26584"
"Ability","311","0","0","26656"
"Ability","312","0","0","26728"
"Ability","313","0","0","26800"
"Ability","314","0","0","26872"
"Ability","315","0","0","26944"
"Ability","316","0","0","27016"
"Ability","317","0","0","27088"
"Ability","318","0","0","27160"
"Ability","319","0","0","27232"
"Ability","320","0","0","27304"
"Ability","321","0","0","27376"
"Ability","322","0","0","27448"
"Ability","323","0","0","27520"
"Ability","324","0","0","27592"
"Ability","325","0","0","27664"
"Ability","326","0","0","27736"
"Ability","327","0","0","27812"
"Ability","328","0","0","27884"
"Ability","329","0","0","27956"
"Ability","330","0","0","28028"
"Ability","331","0","0","28100"
"Ability","332","0","0","28172"
"Ability","333","0","0","28244"
"Ability","334","0","0","28316"
"Ability","335","0","0","28388"
"Ability","336","0","0","28460"
"Ability","337","0","0","28532"
"Ability","338","0","0","28604"
"Ability","339","0","0","28676"
"Ability","340","0","0","28748"
"Ability","341","0","0","28820"
"Ability","342","0","0","28892"
"Ability","343","0","0","28964"
"Ability","344","0","0","29036"
"Ability","345","0","0","29108"
"Ability","346","0","0","29180"
"Ability","347","0","0","29252"
"Ability","348","0","0","29324"
"Ability","349","0","0","29396"
"Ability","350","0","0","29468"
"Ability","351","0","0","29544"
"Ability","352","0","0","29620"
"Ability","353","0","0","29696"
"Ability","354","0","0","29772"
"Ability","355","0","0","29848"
"Ability","356","0","0","29920"
"Ability","357","0","0","29992"
"Ability","358","0","0","30060"
"Ability","359","0","0","30128"
"Ability","360","0","0","30196"
"Ability","361","0","0","30264"
"Ability","362","0","0","30332"
"Ability","363","0","0","30400"
"Ability","364","0","0","30468"
"Ability","365","0","0","30536"
"Ability","366","0","0","30604"
"Ability","367","0","0","30672"
"Ability","368","0","0","30744"
"Ability","369","0","0","30820"
"Ability","370","0","0","30896"
"Ability","371","0","0","30972"
"Ability","372","0","0","31048"
"Ability","373","0","0","31124"
"Ability","374","0","0","31200"
"Ability","375","0","0","31276"
"Ability","376","0","0","31352"
"Ability","377","0","0","31428"
"Ability","378","0","0","31504"
"Ability","379","0","0","31580"
"Ability","380","0","0","31656"
"Ability","381","0","0","31732"
"Ability","382","0","0","31804"
"Ability","383","0","0","31876"
"Ability","384","0","0","31948"
"Ability","385","0","0","32020"
"Ability","386","0","0","32092"
"Ability","387","0","0","32164"
"Ability","388","0","0","32236"
"Ability","389","0","0","32308"
"Ability","390","0","0","32380"
"Ability","391","0","0","32452"
"Ability","392","0","0","32524"
"Ability","393","0","0","32596"
"Ability","394","0","0","32668"
"Ability","395","0","0","32744"
"Ability","396","0","0","32820"
"Ability","397","0","0","32896"
"Ability","398","0","0","32972"
"Ability","399","0","0","33048"
"Ability","400","0","0","33124"
"Ability","401","0","0","33200"
"Ability","402","0","0","33276"
"Ability","403","0","0","33352"
"Ability","404","0","0","33428"
"Ability","405","0","0","33504"
"Ability","406","0","0","33580"
"Ability","407","0","0","33660"
"Ability","408","0","0","33740"
"Ability","409","0","0","33820"
"Ability","410","0","0","33900"
"Ability","411","0","0","33980"
"Ability","412","0","0","34060"
"Ability","413","0","0","34140"
"Ability","414","0","0","34220"
"Ability","415","0","0","34292"
"Ability","416","0","0","34364"
"Ability","417","0","0","34436"
"Ability","418","0","0","34508"
"Ability","419","0","0","34580"
"Ability","420","0","0","34652"
"Ability","421","0","0","34724"
"Ability","422","0","0","34796"
"Ability","423","0","0","34868"
"Ability","424","0","0","34940"
"Ability","425","0","0","35012"
"Ability","426","0","0","35084"
"Ability","427","0","0","35156"
"Ability","428","0","0","35228"
"Ability","429","0","0","35300"
"Ability","430","0","0","35372"
"Ability","431","0","0","35444"
"Ability","432","0","0","35516"
"Ability","433","0","0","35588"
"Ability","434","0","0","35660"
"Ability","435","0","0","35732"
"Ability","436","0","0","35804"
"Ability","437","0","0","35876"
"Ability","438","0","0","35948"
"Ability","439","0","0","36016"
"Ability","440","0","0","36084"
"Ability","441","0","0","36152"
"Ability","442","0","0","36224"
"Ability","443","0","0","36296"
"Ability","444","0","0","36364"
"Ability","445","0","0","36436"
"Ability","446","0","0","36504"
"Ability","447","0","0","36576"
"Ability","448","0","0","36644"
"Ability","449","0","0","36712"
"Ability","450","0","0","36780"
"Ability","451","0","0","36848"
"Ability","452","0","0","36916"
"Ability","453","0","0","36984"
"Ability","454","0","0","37056"
"Ability","455","0","0","37124"
"Ability","456","0","0","37192"
"Ability","457","0","0","37260"
"Ability","458","0","0","37328"
"Ability","459","0","0","37396"
"Ability","460","0","0","37464"
"Ability","461","0","0","37532"
"Ability","462","0","0","37600"
"Ability","463","0","0","37668"
"Ability","464","0","0","37736"
"Ability","465","0","0","37804"
"Ability","466","0","0","37872"
"Ability","467","0","0","37940"
"Ability","468","0","0","38008"
"Ability","469","0","0","38076"
"Ability","470","0","0","38144"
"Ability","471","0","0","38216"
"Ability","472","0","0","38288"
"Ability","473","0","0","38356"
"Ability","474","0","0","38424"
"Ability","475","0","0","38492"
"Ability","476","0","0","38560"
"Ability","477","0","0","38628"
"Ability","478","0","0","38696"
"Ability","479","0","0","38764"
"Ability","480","0","0","38832"
"Ability","481","0","0","38900"
"Ability","482","0","0","38968"
"Ability","483","0","0","39036"
"Ability","484","0","0","39104"
"Ability","485","0","0","39172"
"Ability","486","0","0","39240"
"Ability","487","0","0","39308"
"Ability","488","0","0","39376"
"Ability","489","0","0","39444"
"Ability","490","0","0","39512"
"Ability","491","0","0","39580"
"Ability","492","0","0","39648"
"Ability","493","0","0","39716"
"Ability","494","0","0","39784"
"Ability","495","0","0","39852"
"Ability","496","0","0","39920"
"Ability","497","0","0","39988"
"Ability","498","0","0","40056"
"Ability","499","0","0","40132"
"Ability","500","0","0","40200"
"Ability","501","0","0","40268"
"Ability","502","0","0","40336"
"Ability","503","0","0","40404"
"Ability","504","0","0","40472"
"Ability","505","0","0","40540"
"Ability","506","0","0","40608"
"Ability","507","0","0","40676"
"Ability","508","0","0","40744"
"Ability","509","0","0","40812"
"Ability","510","0","0","40880"
"Ability","511","0","0","40948"
"JobCommand","0","0","0","1864"
"JobCommand","1","0","0","1900"
"JobCommand","2","0","0","1936"
"JobCommand","3","0","0","1972"
"JobCommand","4","0","0","2008"
"JobCommand","5","0","0","2044"
"JobCommand","6","0","0","2080"
"JobCommand","7","0","0","2116"
"JobCommand","8","0","0","2152"
"JobCommand","9","0","0","2188"
"JobCommand","10","0","0","2224"
"JobCommand","11","0","0","2260"
"JobCommand","12","0","0","2296"
"JobCommand","13","0","0","2332"
"JobCommand","14","0","0","2368"
"JobCommand","15","0","0","2404"
"JobCommand","16","0","0","2440"
"JobCommand","17","0","0","2476"
"JobCommand","18","0","0","2512"
"JobCommand","19","0","0","2548"
"JobCommand","20","0","0","2584"
"JobCommand","21","0","0","2620"
"JobCommand","22","0","0","2656"
"JobCommand","23","0","0","2692"
"JobCommand","24","0","0","2728"
"JobCommand","25","0","0","2764"
"JobCommand","26","0","0","2800"
"JobCommand","27","0","0","2836"
"JobCommand","28","0","0","2872"
"JobCommand","29","0","0","2908"
"JobCommand","30","0","0","2944"
"JobCommand","31","0","0","2980"
"JobCommand","32","0","0","3016"
"JobCommand","33","0","0","3052"
"JobCommand","34","0","0","3088"
"JobCommand","35","0","0","3124"
"JobCommand","36","0","0","3160"
"JobCommand","37","0","0","3196"
"JobCommand","38","0","0","3232"
"JobCommand","39","0","0","3268"
"JobCommand","40","0","0","3304"
"JobCommand","41","0","0","3340"
"JobCommand","42","0","0","3376"
"JobCommand","43","0","0","3412"
"JobCommand","44","0","0","3448"
"JobCommand","45","0","0","3484"
"JobCommand","46","0","0","3520"
"JobCommand","47","0","0","3556"
"JobCommand","48","0","0","3592"
"JobCommand","49","0","0","3628"
"JobCommand","50","0","0","3664"
"JobCommand","51","0","0","3700"
"JobCommand","52","0","0","3736"
"JobCommand","53","0","0","3772"
"JobCommand","54","0","0","3808"
"JobCommand","55","0","0","3844"
"JobCommand","56","0","0","3880"
"JobCommand","57","0","0","3916"
"JobCommand","58","0","0","3952"
"JobCommand","59","0","0","3988"
"JobCommand","60","0","0","4024"
"JobCommand","61","0","0","4060"
"JobCommand","62","0","0","4096"
"JobCommand","63","0","0","4132"
"JobCommand","64","0","0","4168"
"JobCommand","65","0","0","4204"
"JobCommand","66","0","0","4240"
"JobCommand","67","0","0","4276"
"JobCommand","68","0","0","4312"
"JobCommand","69","0","0","4348"
"JobCommand","70","0","0","4384"
"JobCommand","71","0","0","4420"
"JobCommand","72","0","0","4456"
"JobCommand","73","0","0","4492"
"JobCommand","74","0","0","4528"
"JobCommand","75","0","0","4564"
"JobCommand","76","0","0","4600"
"JobCommand","77","0","0","4636"
"JobCommand","78","0","0","4672"
"JobCommand","79","0","0","4708"
"JobCommand","80","0","0","4744"
"JobCommand","81","0","0","4780"
"JobCommand","82","0","0","4816"
"JobCommand","83","0","0","4852"
"JobCommand","84","0","0","4888"
"JobCommand","85","0","0","4924"
"JobCommand","86","0","0","4960"
"JobCommand","87","0","0","4996"
"JobCommand","88","0","0","5032"
"JobCommand","89","0","0","5068"
"JobCommand","90","0","0","5104"
"JobCommand","91","0","0","5140"
"JobCommand","92","0","0","5176"
"JobCommand","93","0","0","5212"
"JobCommand","94","0","0","5248"
"JobCommand","95","0","0","5284"
"JobCommand","96","0","0","5320"
"JobCommand","97","0","0","5356"
"JobCommand","98","0","0","5392"
"JobCommand","99","0","0","5428"
"JobCommand","100","0","0","5464"
"JobCommand","101","0","0","5500"
"JobCommand","102","0","0","5536"
"JobCommand","103","0","0","5572"
"JobCommand","104","0","0","5608"
"JobCommand","105","0","0","5644"
"JobCommand","106","0","0","5680"
"JobCommand","107","0","0","5716"
"JobCommand","108","0","0","5752"
"JobCommand","109","0","0","5788"
"JobCommand","110","0","0","5824"
"JobCommand","111","0","0","5860"
"JobCommand","112","0","0","5896"
"JobCommand","113","0","0","5932"
"JobCommand","114","0","0","5968"
"JobCommand","115","0","0","6004"
"JobCommand","116","0","0","6040"
"JobCommand","117","0","0","6076"
"JobCommand","118","0","0","6112"
"JobCommand","119","0","0","6148"
"JobCommand","120","0","0","6184"
"JobCommand","121","0","0","6220"
"JobCommand","122","0","0","6256"
"JobCommand","123","0","0","6292"
"JobCommand","124","0","0","6328"
"JobCommand","125","0","0","6364"
"JobCommand","126","0","0","6400"
"JobCommand","127","0","0","6436"
"JobCommand","128","0","0","6472"
"JobCommand","129","0","0","6508"
"JobCommand","130","0","0","6544"
"JobCommand","131","0","0","6580"
"JobCommand","132","0","0","6616"
"JobCommand","133","0","0","6652"
"JobCommand","134","0","0","6688"
"JobCommand","135","0","0","6724"
"JobCommand","136","0","0","6760"
"JobCommand","137","0","0","6796"
"JobCommand","138","0","0","6832"
"JobCommand","139","0","0","6868"
"JobCommand","140","0","0","6904"
"JobCommand","141","0","0","6940"
"JobCommand","142","0","0","6976"
"JobCommand","143","0","0","7012"
"JobCommand","144","0","0","7048"
"JobCommand","145","0","0","7084"
"JobCommand","146","0","0","7120"
"JobCommand","147","0","0","7156"
"JobCommand","148","0","0","7192"
"JobCommand","149","0","0","7228"
"JobCommand","150","0","0","7264"
"JobCommand","151","0","0","7300"
"JobCommand","152","0","0","7336"
"JobCommand","153","0","0","7372"
"JobCommand","154","0","0","7408"
"JobCommand","155","0","0","7444"
"JobCommand","156","0","0","7480"
"JobCommand","157","0","0","7516"
"JobCommand","158","0","0","7552"
"JobCommand","159","0","0","7588"
"JobCommand","160","0","0","7624"
"JobCommand","161","0","0","7660"
"JobCommand","162","0","0","7696"
"JobCommand","163","0","0","7732"
"JobCommand","164","0","0","7768"
"JobCommand","165","0","0","7804"
"JobCommand","166","0","0","7840"
"JobCommand","167","0","0","7876"
"JobCommand","168","0","0","7912"
"JobCommand","169","0","0","7948"
"JobCommand","170","0","0","7984"
"JobCommand","171","0","0","8020"
"JobCommand","172","0","0","8056"
"JobCommand","173","0","0","8092"
"JobCommand","174","0","0","8128"
"JobCommand","175","0","0","8164"
"JobCommand","176","0","0","8200"
"JobCommand","177","0","0","8236"
"JobCommand","178","0","0","8272"
"JobCommand","179","0","0","8308"
"JobCommand","180","0","0","8344"
"JobCommand","181","0","0","8380"
"JobCommand","182","0","0","8416"
"JobCommand","183","0","0","8452"
"JobCommand","184","0","0","8488"
"JobCommand","185","0","0","8524"
"JobCommand","186","0","0","8560"
"JobCommand","187","0","0","8596"
"JobCommand","188","0","0","8632"
"JobCommand","189","0","0","8668"
"JobCommand","190","0","0","8704"
"JobCommand","191","0","0","8740"
"JobCommand","192","0","0","8776"
"JobCommand","193","0","0","8812"
"JobCommand","194","0","0","8848"
"JobCommand","195","0","0","8884"
"JobCommand","196","0","0","8920"
"JobCommand","197","0","0","8956"
"JobCommand","198","0","0","8992"
"JobCommand","199","0","0","9028"
"JobCommand","200","0","0","9064"
"JobCommand","201","0","0","9100"
"JobCommand","202","0","0","9136"
"JobCommand","203","0","0","9172"
"JobCommand","204","0","0","9208"
"JobCommand","205","0","0","9244"
"JobCommand","206","0","0","9280"
"JobCommand","207","0","0","9316"
"JobCommand","208","0","0","9352"
"JobCommand","209","0","0","9388"
"JobCommand","210","0","0","9424"
"JobCommand","211","0","0","9460"
"JobCommand","212","0","0","9496"
"JobCommand","213","0","0","9532"
"JobCommand","214","0","0","9568"
"JobCommand","215","0","0","9604"
"JobCommand","216","0","0","9640"
"JobCommand","217","0","0","9676"
"JobCommand","218","0","0","9712"
"JobCommand","219","0","0","9748"
"JobCommand","220","0","0","9784"
"JobCommand","221","0","0","9820"
"JobCommand","222","0","0","9856"
"JobCommand","223","0","0","9892"
"JobCommand","224","0","0","9928"
"JobCommand","225","0","0","9964"
"JobCommand","226","0","0","10000"
"Item","0","0","0","2136"
"Item","1","0","0","2184"
"Item","2","0","0","2232"
"Item","3","0","0","2280"
"Item","4","0","0","2328"
"Item","5","0","0","2376"
"Item","6","0","0","2424"
"Item","7","0","0","2472"
"Item","8","0","0","2520"
"Item","9","0","0","2568"
"Item","10","0","0","2616"
"Item","11","0","0","2664"
"Item","12","0","0","2712"
"Item","13","0","0","2760"
"Item","14","0","0","2808"
"Item","15","0","0","2856"
"Item","16","0","0","2904"
"Item","17","0","0","2952"
"Item","18","0","0","3000"
"Item","19","0","0","3048"
"Item","20","0","0","3096"
"Item","21","0","0","3144"
"Item","22","0","0","3192"
"Item","23","0","0","3240"
"Item","24","0","0","3288"
"Item","25","0","0","3336"
"Item","26","0","0","3384"
"Item","27","0","0","3432"
"Item","28","0","0","3480"
"Item","29","0","0","3528"
"Item","30","0","0","3576"
"Item","31","0","0","3624"
"Item","32","0","0","3672"
"Item","33","0","0","3720"
"Item","34","0","0","3768"
"Item","35","0","0","3816"
"Item","36","0","0","3864"
"Item","37","0","0","3912"
"Item","38","0","0","3960"
"Item","39","0","0","4008"
"Item","40","0","0","4056"
"Item","41","0","0","4104"
"Item","42","0","0","4152"
"Item","43","0","0","4200"
"Item","44","0","0","4248"
"Item","45","0","0","4296"
"Item","46","0","0","4344"
"Item","47","0","0","4392"
"Item","48","0","0","4440"
"Item","49","0","0","4488"
"Item","50","0","0","4536"
"Item","51","0","0","4584"
"Item","52","0","0","4632"
"Item","53","0","0","4680"
"Item","54","0","0","4728"
"Item","55","0","0","4776"
"Item","56","0","0","4824"
"Item","57","0","0","4872"
"Item","58","0","0","4920"
"Item","59","0","0","4968"
"Item","60","0","0","5016"
"Item","61","0","0","5064"
"Item","62","0","0","5112"
"Item","63","0","0","5160"
"Item","64","0","0","5208"
"Item","65","0","0","5256"
"Item","66","0","0","5304"
"Item","67","0","0","5352"
"Item","68","0","0","5400"
"Item","69","0","0","5448"
"Item","70","0","0","5496"
"Item","71","0","0","5544"
"Item","72","0","0","5592"
"Item","73","0","0","5640"
"Item","74","0","0","5688"
"Item","75","0","0","5736"
"Item","76","0","0","5784"
"Item","77","0","0","5832"
"Item","78","0","0","5880"
"Item","79","0","0","5928"
"Item","80","0","0","5976"
"Item","81","0","0","6024"
"Item","82","0","0","6072"
"Item","83","0","0","6120"
"Item","84","0","0","6168"
"Item","85","0","0","6216"
"Item","86","0","0","6264"
"Item","87","0","0","6312"
"Item","88","0","0","6360"
"Item","89","0","0","6408"
"Item","90","0","0","6456"
"Item","91","0","0","6504"
"Item","92","0","0","6552"
"Item","93","0","0","6600"
"Item","94","0","0","6648"
"Item","95","0","0","6696"
"Item","96","0","0","6744"
"Item","97","0","0","6792"
"Item","98","0","0","6840"
"Item","99","0","0","6888"
"Item","100","0","0","6936"
"Item","101","0","0","6984"
"Item","102","0","0","7032"
"Item","103","0","0","7080"
"Item","104","0","0","7128"
"Item","105","0","0","7176"
"Item","106","0","0","7224"
"Item","107","0","0","7272"
"Item","108","0","0","7320"
"Item","109","0","0","7368"
"Item","110","0","0","7416"
"Item","111","0","0","7464"
"Item","112","0","0","7512"
"Item","113","0","0","7560"
"Item","114","0","0","7608"
"Item","115","0","0","7656"
"Item","116","0","0","7704"
"Item","117","0","0","7752"
"Item","118","0","0","7800"
"Item","119","0","0","7848"
"Item","120","0","0","7896"
"Item","121","0","0","7944"
"Item","122","0","0","7992"
"Item","123","0","0","8040"
"Item","124","0","0","8088"
"Item","125","0","0","8136"
"Item","126","0","0","8184"
"Item","127","0","0","8232"
"Item","128","0","0","8280"
"Item","129","0","0","8328"
"Item","130","0","0","8376"
"Item","131","0","0","8424"
"Item","132","0","0","8472"
"Item","133","0","0","8520"
"Item","134","0","0","8568"
"Item","135","0","0","8616"
"Item","136","0","0","8664"
"Item","137","0","0","8712"
"Item","138","0","0","8760"
"Item","139","0","0","8808"
"Item","140","0","0","8856"
"Item","141","0","0","8904"
"Item","142","0","0","8952"
"Item","143","0","0","9000"
"Item","144","0","0","9048"
"Item","145","0","0","9096"
"Item","146","0","0","9144"
"Item","147","0","0","9192"
"Item","148","0","0","9240"
"Item","149","0","0","9288"
"Item","150","0","0","9336"
"Item","151","0","0","9384"
"Item","152","0","0","9432"
"Item","153","0","0","9480"
"Item","154","0","0","9528"
"Item","155","0","0","9576"
"Item","156","0","0","9624"
"Item","157","0","0","9672"
"Item","158","0","0","9720"
"Item","159","0","0","9768"
"Item","160","0","0","9816"
"Item","161","0","0","9864"
"Item","162","0","0","9912"
"Item","163","0","0","9960"
"Item","164","0","0","10008"
"Item","165","0","0","10056"
"Item","166","0","0","10104"
"Item","167","0","0","10152"
"Item","168","0","0","10200"
"Item","169","0","0","10248"
"Item","170","0","0","10296"
"Item","171","0","0","10344"
"Item","172","0","0","10392"
"Item","173","0","0","10440"
"Item","174","0","0","10488"
"Item","175","0","0","10536"
"Item","176","0","0","10584"
"Item","177","0","0","10632"
"Item","178","0","0","10680"
"Item","179","0","0","10728"
"Item","180","0","0","10776"
"Item","181","0","0","10824"
"Item","182","0","0","10872"
"Item","183","0","0","10920"
"Item","184","0","0","10968"
"Item","185","0","0","11016"
"Item","186","0","0","11064"
"Item","187","0","0","11112"
"Item","188","0","0","11160"
"Item","189","0","0","11208"
"Item","190","0","0","11256"
"Item","191","0","0","11304"
"Item","192","0","0","11352"
"Item","193","0","0","11400"
"Item","194","0","0","11448"
"Item","195","0","0","11496"
"Item","196","0","0","11544"
"Item","197","0","0","11592"
"Item","198","0","0","11640"
"Item","199","0","0","11688"
"Item","200","0","0","11736"
"Item","201","0","0","11784"
"Item","202","0","0","11832"
"Item","203","0","0","11880"
"Item","204","0","0","11928"
"Item","205","0","0","11976"
"Item","206","0","0","12024"
"Item","207","0","0","12072"
"Item","208","0","0","12120"
"Item","209","0","0","12168"
"Item","210","0","0","12216"
"Item","211","0","0","12264"
"Item","212","0","0","12312"
"Item","213","0","0","12360"
"Item","214","0","0","12408"
"Item","215","0","0","12456"
"Item","216","0","0","12504"
"Item","217","0","0","12552"
"Item","218","0","0","12600"
"Item","219","0","0","12648"
"Item","220","0","0","12696"
"Item","221","0","0","12744"
"Item","222","0","0","12792"
"Item","223","0","0","12840"
"Item","224","0","0","12888"
"Item","225","0","0","12936"
"Item","226","0","0","12984"
"Item","227","0","0","13032"
"Item","228","0","0","13080"
"Item","229","0","0","13128"
"Item","230","0","0","13176"
"Item","231","0","0","13224"
"Item","232","0","0","13272"
"Item","233","0","0","13320"
"Item","234","0","0","13368"
"Item","235","0","0","13416"
"Item","236","0","0","13464"
"Item","237","0","0","13512"
"Item","238","0","0","13560"
"Item","239","0","0","13608"
"Item","240","0","0","13656"
"Item","241","0","0","13704"
"Item","242","0","0","13752"
"Item","243","0","0","13800"
"Item","244","0","0","13848"
"Item","245","0","0","13896"
"Item","246","0","0","13944"
"Item","247","0","0","13992"
"Item","248","0","0","14040"
"Item","249","0","0","14088"
"Item","250","0","0","14136"
"Item","251","0","0","14184"
"Item","252","0","0","14232"
"Item","253","0","0","14280"
"Item","254","0","0","14328"
"Item","255","0","0","14376"
"Item","256","0","0","14424"
"Item","257","0","0","14472"
"Item","258","0","0","14520"
"Item","259","0","0","14568"
"Item","260","0","0","14616"
"UiStatusEffect","1","0","0","408"
"UiStatusEffect","2","0","0","444"
"UiStatusEffect","3","0","0","480"
"UiStatusEffect","4","0","0","516"
"UiStatusEffect","5","0","0","552"
"UiStatusEffect","6","0","0","588"
"UiStatusEffect","7","0","0","624"
"UiStatusEffect","8","0","0","660"
"UiStatusEffect","9","0","0","696"
"UiStatusEffect","10","0","0","732"
"UiStatusEffect","11","0","0","768"
"UiStatusEffect","12","0","0","804"
"UiStatusEffect","13","0","0","840"
"UiStatusEffect","14","0","0","876"
"UiStatusEffect","15","0","0","912"
"UiStatusEffect","16","0","0","948"
"UiStatusEffect","17","0","0","984"
"UiStatusEffect","18","0","0","1020"
"UiStatusEffect","19","0","0","1056"
"UiStatusEffect","20","0","0","1092"
"UiStatusEffect","21","0","0","1128"
"UiStatusEffect","22","0","0","1164"
"UiStatusEffect","23","0","0","1200"
"UiStatusEffect","24","0","0","1236"
"UiStatusEffect","25","0","0","1272"
"UiStatusEffect","26","0","0","1308"
"UiStatusEffect","27","0","0","1344"
"UiStatusEffect","28","0","0","1380"
"UiStatusEffect","29","0","0","1416"
"UiStatusEffect","30","0","0","1452"
"UiStatusEffect","31","0","0","1488"
"UiStatusEffect","32","0","0","1524"
"UiStatusEffect","33","0","0","1560"
"UiStatusEffect","34","0","0","1596"
"UiStatusEffect","35","0","0","1632"
"UiStatusEffect","36","0","0","1668"
"UiStatusEffect","37","0","0","1704"
"UiStatusEffect","38","0","0","1740"
"UiStatusEffect","39","0","0","1776"
"UiStatusEffect","40","0","0","1812"
"UiStatusEffect","1000","0","0","1848"
"UiStatusEffect","1001","0","0","1884"
"UiStatusEffect","1002","0","0","1920"
"UiStatusEffect","1003","0","0","1956"
"UiStatusEffect","1004","0","0","1992"
"GeneralJob","0","0","0","216"
"GeneralJob","1","0","0","376"
"GeneralJob","2","0","0","536"
"GeneralJob","3","0","0","704"
"GeneralJob","4","0","0","872"
"GeneralJob","5","0","0","1040"
"GeneralJob","6","0","0","1208"
"GeneralJob","7","0","0","1376"
"GeneralJob","8","0","0","1544"
"GeneralJob","9","0","0","1712"
"GeneralJob","10","0","0","1880"
"GeneralJob","11","0","0","2048"
"GeneralJob","12","0","0","2216"
"GeneralJob","13","0","0","2384"
"GeneralJob","14","0","0","2552"
"GeneralJob","15","0","0","2736"
"GeneralJob","16","0","0","2920"
"GeneralJob","17","0","0","3112"
"GeneralJob","18","0","0","3288"
"GeneralJob","19","0","0","3464"
"GeneralJob","20","0","0","3672"
"OverrideAbilityActionData","0","0","0","2992"
"OverrideAbilityActionData","1","0","0","3032"
"OverrideAbilityActionData","2","0","0","3072"
"OverrideAbilityActionData","3","0","0","3112"
"OverrideAbilityActionData","4","0","0","3152"
"OverrideAbilityActionData","5","0","0","3192"
"OverrideAbilityActionData","6","0","0","3232"
"OverrideAbilityActionData","7","0","0","3272"
"OverrideAbilityActionData","8","0","0","3312"
"OverrideAbilityActionData","9","0","0","3352"
"OverrideAbilityActionData","10","0","0","3392"
"OverrideAbilityActionData","11","0","0","3432"
"OverrideAbilityActionData","12","0","0","3472"
"OverrideAbilityActionData","13","0","0","3512"
"OverrideAbilityActionData","14","0","0","3552"
"OverrideAbilityActionData","15","0","0","3592"
"OverrideAbilityActionData","16","0","0","3632"
"OverrideAbilityActionData","17","0","0","3672"
"OverrideAbilityActionData","18","0","0","3712"
"OverrideAbilityActionData","19","0","0","3752"
"OverrideAbilityActionData","20","0","0","3792"
"OverrideAbilityActionData","21","0","0","3832"
"OverrideAbilityActionData","22","0","0","3872"
"OverrideAbilityActionData","23","0","0","3912"
"OverrideAbilityActionData","24","0","0","3952"
"OverrideAbilityActionData","25","0","0","3992"
"OverrideAbilityActionData","26","0","0","4032"
"OverrideAbilityActionData","27","0","0","4072"
"OverrideAbilityActionData","28","0","0","4112"
"OverrideAbilityActionData","29","0","0","4152"
"OverrideAbilityActionData","30","0","0","4192"
"OverrideAbilityActionData","31","0","0","4232"
"OverrideAbilityActionData","32","0","0","4272"
"OverrideAbilityActionData","33","0","0","4312"
"OverrideAbilityActionData","34","0","0","4352"
"OverrideAbilityActionData","35","0","0","4392"
"OverrideAbilityActionData","36","0","0","4432"
"OverrideAbilityActionData","37","0","0","4472"
"OverrideAbilityActionData","38","0","0","4512"
"OverrideAbilityActionData","39","0","0","4552"
"OverrideAbilityActionData","40","0","0","4592"
"OverrideAbilityActionData","41","0","0","4632"
"OverrideAbilityActionData","42","0","0","4672"
"OverrideAbilityActionData","43","0","0","4712"
"OverrideAbilityActionData","44","0","0","4752"
"OverrideAbilityActionData","45","0","0","4792"
"OverrideAbilityActionData","46","0","0","4832"
"OverrideAbilityActionData","47","0","0","4872"
"OverrideAbilityActionData","48","0","0","4912"
"OverrideAbilityActionData","49","0","0","4952"
"OverrideAbilityActionData","50","0","0","4992"
"OverrideAbilityActionData","51","0","0","5032"
"OverrideAbilityActionData","52","0","0","5072"
"OverrideAbilityActionData","53","0","0","5112"
"OverrideAbilityActionData","54","0","0","5152"
"OverrideAbilityActionData","55","0","0","5192"
"OverrideAbilityActionData","56","0","0","5232"
"OverrideAbilityActionData","57","0","0","5272"
"OverrideAbilityActionData","58","0","0","5312"
"OverrideAbilityActionData","59","0","0","5352"
"OverrideAbilityActionData","60","0","0","5392"
"OverrideAbilityActionData","61","0","0","5432"
"OverrideAbilityActionData","62","0","0","5472"
"OverrideAbilityActionData","63","0","0","5512"
"OverrideAbilityActionData","64","0","0","5552"
"OverrideAbilityActionData","65","0","0","5592"
"OverrideAbilityActionData","66","0","0","5632"
"OverrideAbilityActionData","67","0","0","5672"
"OverrideAbilityActionData","68","0","0","5712"
"OverrideAbilityActionData","69","0","0","5752"
"OverrideAbilityActionData","70","0","0","5792"
"OverrideAbilityActionData","71","0","0","5832"
"OverrideAbilityActionData","72","0","0","5872"
"OverrideAbilityActionData","73","0","0","5912"
"OverrideAbilityActionData","74","0","0","5952"
"OverrideAbilityActionData","75","0","0","5992"
"OverrideAbilityActionData","76","0","0","6032"
"OverrideAbilityActionData","77","0","0","6072"
"OverrideAbilityActionData","78","0","0","6112"
"OverrideAbilityActionData","79","0","0","6152"
"OverrideAbilityActionData","80","0","0","6192"
"OverrideAbilityActionData","81","0","0","6232"
"OverrideAbilityActionData","82","0","0","6272"
"OverrideAbilityActionData","83","0","0","6312"
"OverrideAbilityActionData","84","0","0","6352"
"OverrideAbilityActionData","85","0","0","6392"
"OverrideAbilityActionData","86","0","0","6432"
"OverrideAbilityActionData","87","0","0","6472"
"OverrideAbilityActionData","88","0","0","6512"
"OverrideAbilityActionData","89","0","0","6552"
"OverrideAbilityActionData","90","0","0","6592"
"OverrideAbilityActionData","91","0","0","6632"
"OverrideAbilityActionData","92","0","0","6672"
"OverrideAbilityActionData","93","0","0","6712"
"OverrideAbilityActionData","94","0","0","6752"
"OverrideAbilityActionData","95","0","0","6792"
"OverrideAbilityActionData","96","0","0","6832"
"OverrideAbilityActionData","97","0","0","6872"
"OverrideAbilityActionData","98","0","0","6912"
"OverrideAbilityActionData","99","0","0","6952"
"OverrideAbilityActionData","100","0","0","6992"
"OverrideAbilityActionData","101","0","0","7032"
"OverrideAbilityActionData","102","0","0","7072"
"OverrideAbilityActionData","103","0","0","7112"
"OverrideAbilityActionData","104","0","0","7152"
"OverrideAbilityActionData","105","0","0","7192"
"OverrideAbilityActionData","106","0","0","7232"
"OverrideAbilityActionData","107","0","0","7272"
"OverrideAbilityActionData","108","0","0","7312"
"OverrideAbilityActionData","109","0","0","7352"
"OverrideAbilityActionData","110","0","0","7392"
"OverrideAbilityActionData","111","0","0","7432"
"OverrideAbilityActionData","112","0","0","7472"
"OverrideAbilityActionData","113","0","0","7512"
"OverrideAbilityActionData","114","0","0","7552"
"OverrideAbilityActionData","115","0","0","7592"
"OverrideAbilityActionData","116","0","0","7632"
"OverrideAbilityActionData","117","0","0","7672"
"OverrideAbilityActionData","118","0","0","7712"
"OverrideAbilityActionData","119","0","0","7752"
"OverrideAbilityActionData","120","0","0","7792"
"OverrideAbilityActionData","121","0","0","7832"
"OverrideAbilityActionData","122","0","0","7872"
"OverrideAbilityActionData","123","0","0","7912"
"OverrideAbilityActionData","124","0","0","7952"
"OverrideAbilityActionData","125","0","0","7992"
"OverrideAbilityActionData","126","0","0","8032"
"OverrideAbilityActionData","127","0","0","8072"
"OverrideAbilityActionData","128","0","0","8112"
"OverrideAbilityActionData","129","0","0","8152"
"OverrideAbilityActionData","130","0","0","8192"
"OverrideAbilityActionData","131","0","0","8232"
"OverrideAbilityActionData","132","0","0","8272"
"OverrideAbilityActionData","133","0","0","8312"
"OverrideAbilityActionData","134","0","0","8352"
"OverrideAbilityActionData","135","0","0","8392"
"OverrideAbilityActionData","136","0","0","8432"
"OverrideAbilityActionData","137","0","0","8472"
"OverrideAbilityActionData","138","0","0","8512"
"OverrideAbilityActionData","139","0","0","8552"
"OverrideAbilityActionData","140","0","0","8592"
"OverrideAbilityActionData","141","0","0","8632"
"OverrideAbilityActionData","142","0","0","8672"
"OverrideAbilityActionData","143","0","0","8712"
"OverrideAbilityActionData","144","0","0","8752"
"OverrideAbilityActionData","145","0","0","8792"
"OverrideAbilityActionData","146","0","0","8832"
"OverrideAbilityActionData","147","0","0","8872"
"OverrideAbilityActionData","148","0","0","8912"
"OverrideAbilityActionData","149","0","0","8952"
"OverrideAbilityActionData","150","0","0","8992"
"OverrideAbilityActionData","151","0","0","9032"
"OverrideAbilityActionData","152","0","0","9072"
"OverrideAbilityActionData","153","0","0","9112"
"OverrideAbilityActionData","154","0","0","9152"
"OverrideAbilityActionData","155","0","0","9192"
"OverrideAbilityActionData","156","0","0","9232"
"OverrideAbilityActionData","157","0","0","9272"
"OverrideAbilityActionData","158","0","0","9312"
"OverrideAbilityActionData","159","0","0","9352"
"OverrideAbilityActionData","160","0","0","9392"
"OverrideAbilityActionData","161","0","0","9432"
"OverrideAbilityActionData","162","0","0","9472"
"OverrideAbilityActionData","163","0","0","9512"
"OverrideAbilityActionData","164","0","0","9552"
"OverrideAbilityActionData","165","0","0","9592"
"OverrideAbilityActionData","166","0","0","9632"
"OverrideAbilityActionData","167","0","0","9672"
"OverrideAbilityActionData","168","0","0","9712"
"OverrideAbilityActionData","169","0","0","9752"
"OverrideAbilityActionData","170","0","0","9792"
"OverrideAbilityActionData","171","0","0","9832"
"OverrideAbilityActionData","172","0","0","9872"
"OverrideAbilityActionData","173","0","0","9912"
"OverrideAbilityActionData","174","0","0","9952"
"OverrideAbilityActionData","175","0","0","9992"
"OverrideAbilityActionData","176","0","0","10032"
"OverrideAbilityActionData","177","0","0","10072"
"OverrideAbilityActionData","178","0","0","10112"
"OverrideAbilityActionData","179","0","0","10152"
"OverrideAbilityActionData","180","0","0","10192"
"OverrideAbilityActionData","181","0","0","10232"
"OverrideAbilityActionData","182","0","0","10272"
"OverrideAbilityActionData","183","0","0","10312"
"OverrideAbilityActionData","184","0","0","10352"
"OverrideAbilityActionData","185","0","0","10392"
"OverrideAbilityActionData","186","0","0","10432"
"OverrideAbilityActionData","187","0","0","10472"
"OverrideAbilityActionData","188","0","0","10512"
"OverrideAbilityActionData","189","0","0","10552"
"OverrideAbilityActionData","190","0","0","10592"
"OverrideAbilityActionData","191","0","0","10632"
"OverrideAbilityActionData","192","0","0","10672"
"OverrideAbilityActionData","193","0","0","10712"
"OverrideAbilityActionData","194","0","0","10752"
"OverrideAbilityActionData","195","0","0","10792"
"OverrideAbilityActionData","196","0","0","10832"
"OverrideAbilityActionData","197","0","0","10872"
"OverrideAbilityActionData","198","0","0","10912"
"OverrideAbilityActionData","199","0","0","10952"
"OverrideAbilityActionData","200","0","0","10992"
"OverrideAbilityActionData","201","0","0","11032"
"OverrideAbilityActionData","202","0","0","11072"
"OverrideAbilityActionData","203","0","0","11112"
"OverrideAbilityActionData","204","0","0","11152"
"OverrideAbilityActionData","205","0","0","11192"
"OverrideAbilityActionData","206","0","0","11232"
"OverrideAbilityActionData","207","0","0","11272"
"OverrideAbilityActionData","208","0","0","11312"
"OverrideAbilityActionData","209","0","0","11352"
"OverrideAbilityActionData","210","0","0","11392"
"OverrideAbilityActionData","211","0","0","11432"
"OverrideAbilityActionData","212","0","0","11472"
"OverrideAbilityActionData","213","0","0","11512"
"OverrideAbilityActionData","214","0","0","11552"
"OverrideAbilityActionData","215","0","0","11592"
"OverrideAbilityActionData","216","0","0","11632"
"OverrideAbilityActionData","217","0","0","11672"
"OverrideAbilityActionData","218","0","0","11712"
"OverrideAbilityActionData","219","0","0","11752"
"OverrideAbilityActionData","220","0","0","11792"
"OverrideAbilityActionData","221","0","0","11832"
"OverrideAbilityActionData","222","0","0","11872"
"OverrideAbilityActionData","223","0","0","11912"
"OverrideAbilityActionData","224","0","0","11952"
"OverrideAbilityActionData","225","0","0","11992"
"OverrideAbilityActionData","226","0","0","12032"
"OverrideAbilityActionData","227","0","0","12072"
"OverrideAbilityActionData","228","0","0","12112"
"OverrideAbilityActionData","229","0","0","12152"
"OverrideAbilityActionData","230","0","0","12192"
"OverrideAbilityActionData","231","0","0","12232"
"OverrideAbilityActionData","232","0","0","12272"
"OverrideAbilityActionData","233","0","0","12312"
"OverrideAbilityActionData","234","0","0","12352"
"OverrideAbilityActionData","235","0","0","12392"
"OverrideAbilityActionData","236","0","0","12432"
"OverrideAbilityActionData","237","0","0","12472"
"OverrideAbilityActionData","238","0","0","12512"
"OverrideAbilityActionData","239","0","0","12552"
"OverrideAbilityActionData","240","0","0","12592"
"OverrideAbilityActionData","241","0","0","12632"
"OverrideAbilityActionData","242","0","0","12672"
"OverrideAbilityActionData","243","0","0","12712"
"OverrideAbilityActionData","244","0","0","12752"
"OverrideAbilityActionData","245","0","0","12792"
"OverrideAbilityActionData","246","0","0","12832"
"OverrideAbilityActionData","247","0","0","12872"
"OverrideAbilityActionData","248","0","0","12912"
"OverrideAbilityActionData","249","0","0","12952"
"OverrideAbilityActionData","250","0","0","12992"
"OverrideAbilityActionData","251","0","0","13032"
"OverrideAbilityActionData","252","0","0","13072"
"OverrideAbilityActionData","253","0","0","13112"
"OverrideAbilityActionData","254","0","0","13152"
"OverrideAbilityActionData","255","0","0","13192"
"OverrideAbilityActionData","256","0","0","13232"
"OverrideAbilityActionData","257","0","0","13272"
"OverrideAbilityActionData","258","0","0","13312"
"OverrideAbilityActionData","259","0","0","13352"
"OverrideAbilityActionData","260","0","0","13392"
"OverrideAbilityActionData","261","0","0","13432"
"OverrideAbilityActionData","262","0","0","13472"
"OverrideAbilityActionData","263","0","0","13512"
"OverrideAbilityActionData","264","0","0","13552"
"OverrideAbilityActionData","265","0","0","13592"
"OverrideAbilityActionData","266","0","0","13632"
"OverrideAbilityActionData","267","0","0","13672"
"OverrideAbilityActionData","268","0","0","13712"
"OverrideAbilityActionData","269","0","0","13752"
"OverrideAbilityActionData","270","0","0","13792"
"OverrideAbilityActionData","271","0","0","13832"
"OverrideAbilityActionData","272","0","0","13872"
"OverrideAbilityActionData","273","0","0","13912"
"OverrideAbilityActionData","274","0","0","13952"
"OverrideAbilityActionData","275","0","0","13992"
"OverrideAbilityActionData","276","0","0","14032"
"OverrideAbilityActionData","277","0","0","14072"
"OverrideAbilityActionData","278","0","0","14112"
"OverrideAbilityActionData","279","0","0","14152"
"OverrideAbilityActionData","280","0","0","14192"
"OverrideAbilityActionData","281","0","0","14232"
"OverrideAbilityActionData","282","0","0","14272"
"OverrideAbilityActionData","283","0","0","14312"
"OverrideAbilityActionData","284","0","0","14352"
"OverrideAbilityActionData","285","0","0","14392"
"OverrideAbilityActionData","286","0","0","14432"
"OverrideAbilityActionData","287","0","0","14472"
"OverrideAbilityActionData","288","0","0","14512"
"OverrideAbilityActionData","289","0","0","14552"
"OverrideAbilityActionData","290","0","0","14592"
"OverrideAbilityActionData","291","0","0","14632"
"OverrideAbilityActionData","292","0","0","14672"
"OverrideAbilityActionData","293","0","0","14712"
"OverrideAbilityActionData","294","0","0","14752"
"OverrideAbilityActionData","295","0","0","14792"
"OverrideAbilityActionData","296","0","0","14832"
"OverrideAbilityActionData","297","0","0","14872"
"OverrideAbilityActionData","298","0","0","14912"
"OverrideAbilityActionData","299","0","0","14952"
"OverrideAbilityActionData","300","0","0","14992"
"OverrideAbilityActionData","301","0","0","15032"
"OverrideAbilityActionData","302","0","0","15072"
"OverrideAbilityActionData","303","0","0","15112"
"OverrideAbilityActionData","304","0","0","15152"
"OverrideAbilityActionData","305","0","0","15192"
"OverrideAbilityActionData","306","0","0","15232"
"OverrideAbilityActionData","307","0","0","15272"
"OverrideAbilityActionData","308","0","0","15312"
"OverrideAbilityActionData","309","0","0","15352"
"OverrideAbilityActionData","310","0","0","15392"
"OverrideAbilityActionData","311","0","0","15432"
"OverrideAbilityActionData","312","0","0","15472"
"OverrideAbilityActionData","313","0","0","15512"
"OverrideAbilityActionData","314","0","0","15552"
"OverrideAbilityActionData","315","0","0","15592"
"OverrideAbilityActionData","316","0","0","15632"
"OverrideAbilityActionData","317","0","0","15672"
"OverrideAbilityActionData","318","0","0","15712"
"OverrideAbilityActionData","319","0","0","15752"
"OverrideAbilityActionData","320","0","0","15792"
"OverrideAbilityActionData","321","0","0","15832"
"OverrideAbilityActionData","322","0","0","15872"
"OverrideAbilityActionData","323","0","0","15912"
"OverrideAbilityActionData","324","0","0","15952"
"OverrideAbilityActionData","325","0","0","15992"
"OverrideAbilityActionData","326","0","0","16032"
"OverrideAbilityActionData","327","0","0","16072"
"OverrideAbilityActionData","328","0","0","16112"
"OverrideAbilityActionData","329","0","0","16152"
"OverrideAbilityActionData","330","0","0","16192"
"OverrideAbilityActionData","331","0","0","16232"
"OverrideAbilityActionData","332","0","0","16272"
"OverrideAbilityActionData","333","0","0","16312"
"OverrideAbilityActionData","334","0","0","16352"
"OverrideAbilityActionData","335","0","0","16392"
"OverrideAbilityActionData","336","0","0","16432"
"OverrideAbilityActionData","337","0","0","16472"
"OverrideAbilityActionData","338","0","0","16512"
"OverrideAbilityActionData","339","0","0","16552"
"OverrideAbilityActionData","340","0","0","16592"
"OverrideAbilityActionData","341","0","0","16632"
"OverrideAbilityActionData","342","0","0","16672"
"OverrideAbilityActionData","343","0","0","16712"
"OverrideAbilityActionData","344","0","0","16752"
"OverrideAbilityActionData","345","0","0","16792"
"OverrideAbilityActionData","346","0","0","16832"
"OverrideAbilityActionData","347","0","0","16872"
"OverrideAbilityActionData","348","0","0","16912"
"OverrideAbilityActionData","349","0","0","16952"
"OverrideAbilityActionData","350","0","0","16992"
"OverrideAbilityActionData","351","0","0","17032"
"OverrideAbilityActionData","352","0","0","17072"
"OverrideAbilityActionData","353","0","0","17112"
"OverrideAbilityActionData","354","0","0","17152"
"OverrideAbilityActionData","355","0","0","17192"
"OverrideAbilityActionData","356","0","0","17232"
"OverrideAbilityActionData","357","0","0","17272"
"OverrideAbilityActionData","358","0","0","17312"
"OverrideAbilityActionData","359","0","0","17352"
"OverrideAbilityActionData","360","0","0","17392"
"OverrideAbilityActionData","361","0","0","17432"
"OverrideAbilityActionData","362","0","0","17472"
"OverrideAbilityActionData","363","0","0","17512"
"OverrideAbilityActionData","364","0","0","17552"
"OverrideAbilityActionData","365","0","0","17592"
"OverrideAbilityActionData","366","0","0","17632"
"OverrideAbilityActionData","367","0","0","17672"
